"grade","rmse","mae","r2","r2_alt"
"4",6.6921632856499,5.77651492914258,-0.788804574888961,0.281591417799858
"8",6.67275013208036,5.71496942283572,-0.954356216258589,0.375147695124157
