"feature","mean_shap","mean_abs_shap","mean_abs_shap_frac_of_total","pct_positive","descriptive_corr_x_vs_shap_marginal_naive"
"grade8",0.0148986367618336,21.5766819224638,0.686082510516919,0.5,NA
"poverty_rate",1.08183887068584,1.76962920677319,0.0562696179713796,0.838235294117647,-0.950016085786426
"bach_or_higher_rate",0.942619912826237,1.4543930732111,0.0462459267153689,0.544117647058823,0.757325534345591
"median_income",-1.18405691775329,1.18797966494572,0.037774671466999,0.0196078431372549,-0.291352166351377
"internet_rate",-1.11178846903803,1.11572969513124,0.0354773098590733,0.0196078431372549,-0.638791069786172
